source1_entity_id	matched_entity_ids
S1-00000	S2-00000
S1-00001	S2-00001
S1-00002	S2-00002
S1-00003	S2-00003
S1-00004	
S1-00005	
S1-00006	
S1-00007	S2-00004
S1-00008	S2-00005
S1-00009	S2-00006
S1-00010	
S1-00011	S2-00007
S1-00012	S2-00008
S1-00013	
S1-00014	
S1-00015	
S1-00016	S2-00009
S1-00017	S2-00010
S1-00018	S2-00011
S1-00019	S2-00012
S1-00020	S2-00013
S1-00021	
S1-00022	S2-00014
S1-00023	S2-00015
S1-00024	S2-00016
S1-00025	S2-00017
S1-00026	
S1-00027	S2-00018
S1-00028	S2-00019
S1-00029	
S1-00030	S2-00020
S1-00031	
S1-00032	
S1-00033	S2-00021
S1-00034	
S1-00035	S2-00023
S1-00036	S2-00024
S1-00037	
S1-00038	S2-00025
S1-00039	S2-00026
S1-00040	
S1-00041	S2-00027
S1-00042	
S1-00043	S2-00028
S1-00044	S2-00029
S1-00045	S2-00030
S1-00046	S2-00031
S1-00047	S2-00032
S1-00048	S2-00033
S1-00049	
S1-00050	S2-00034
S1-00051	S2-00035
S1-00052	S2-00036
S1-00053	S2-00037
S1-00054	S2-00038
S1-00055	S2-00039
S1-00056	
S1-00057	
S1-00058	
S1-00059	S2-00040
S1-00060	S2-00041
S1-00061	S2-00042
S1-00062	S2-00043
S1-00063	S2-00044
S1-00064	
S1-00065	S2-00046
S1-00066	
S1-00067	S2-00047
S1-00068	
S1-00069	S2-00048
S1-00070	S2-00049
S1-00071	
S1-00072	
S1-00073	S2-00050
S1-00074	S2-00051
S1-00075	S2-00052
S1-00076	S2-00053
S1-00077	
S1-00078	S2-00054
S1-00079	
S1-00080	S2-00055
S1-00081	S2-00056
S1-00082	S2-00057
S1-00083	
S1-00084	S2-00058
S1-00085	S2-00059
S1-00086	S2-00060
S1-00087	S2-00061
S1-00088	S2-00062
S1-00089	S2-00063
S1-00090	
S1-00091	S2-00064
S1-00092	S2-00065
S1-00093	S2-00066
S1-00094	S2-00067
S1-00095	S2-00068
S1-00096	S2-00069
S1-00097	S2-00070
S1-00098	
S1-00099	
S1-00100	
S1-00101	S2-00071
S1-00102	S2-00072
S1-00103	S2-00073
S1-00104	S2-00074
S1-00105	
S1-00106	S2-00075
S1-00107	S2-00076
S1-00108	
S1-00109	
S1-00110	S2-00077
S1-00111	
S1-00112	S2-00078
S1-00113	S2-00079
S1-00114	S2-00080
S1-00115	S2-00081
S1-00116	S2-00082
S1-00117	
S1-00118	S2-00083
S1-00119	S2-00084
S1-00120	S2-00085
S1-00121	S2-00086
S1-00122	S2-00087
S1-00123	
S1-00124	
S1-00125	S2-00088
S1-00126	S2-00089
S1-00127	S2-00090
S1-00128	
S1-00129	S2-00091
S1-00130	
S1-00131	
S1-00132	
S1-00133	S2-00093
S1-00134	S2-00094
S1-00135	S2-00095
S1-00136	S2-00096
S1-00137	S2-00097
S1-00138	S2-00098
S1-00139	S2-00099
S1-00140	S2-00100
S1-00141	S2-00101
S1-00142	S2-00102
S1-00143	S2-00103
S1-00144	S2-00104
S1-00145	
S1-00146	S2-00105
S1-00147	S2-00106
S1-00148	
S1-00149	S2-00107
S1-00150	S2-00108
S1-00151	
S1-00152	
S1-00153	S2-00109
S1-00154	S2-00110
S1-00155	
S1-00156	S2-00111
S1-00157	S2-00112
S1-00158	
S1-00159	S2-00113
S1-00160	S2-00114
S1-00161	S2-00115
S1-00162	S2-00116
S1-00163	S2-00117
S1-00164	
S1-00165	S2-00118
S1-00166	S2-00119
S1-00167	
S1-00168	
S1-00169	S2-00120
S1-00170	S2-00121
S1-00171	
S1-00172	S2-00122
S1-00173	
S1-00174	S2-00123
S1-00175	
S1-00176	S2-00124
S1-00177	S2-00125
S1-00178	S2-00126
S1-00179	
S1-00180	S2-00127
S1-00181	
S1-00182	S2-00128
S1-00183	S2-00129
S1-00184	S2-00130
S1-00185	S2-00131
S1-00186	S2-00132
S1-00187	S2-00133
S1-00188	S2-00134
S1-00189	
S1-00190	
S1-00191	S2-00135
S1-00192	S2-00136
S1-00193	S2-00137
S1-00194	S2-00138
S1-00195	S2-00139
S1-00196	S2-00140
S1-00197	S2-00141
S1-00198	S2-00142
S1-00199	S2-00143
S1-00200	S2-00144
S1-00201	
S1-00202	
S1-00203	S2-00145
S1-00204	S2-00146
S1-00205	
S1-00206	
S1-00207	S2-00147
S1-00208	
S1-00209	
S1-00210	S2-00148
S1-00211	S2-00149
S1-00212	S2-00150
S1-00213	
S1-00214	S2-00151
S1-00215	
S1-00216	S2-00152
S1-00217	S2-00153
S1-00218	S2-00154
S1-00219	S2-00155
S1-00220	S2-00156
S1-00221	S2-00157
S1-00222	
S1-00223	S2-00158
S1-00224	S2-00159
S1-00225	
S1-00226	S2-00160
S1-00227	S2-00161
S1-00228	S2-00162
S1-00229	S2-00163
S1-00230	S2-00164
S1-00231	S2-00165
S1-00232	S2-00166
S1-00233	S2-00167
S1-00234	
S1-00235	S2-00168
S1-00236	S2-00169
S1-00237	
S1-00238	S2-00170
S1-00239	
S1-00240	S2-00171
S1-00241	S2-00172
S1-00242	S2-00173
S1-00243	S2-00174
S1-00244	
S1-00245	S2-00175
S1-00246	S2-00176
S1-00247	S2-00177
S1-00248	S2-00178
S1-00249	S2-00179
S1-00250	S2-00180
S1-00251	
S1-00252	S2-00182
S1-00253	S2-00183
S1-00254	
S1-00255	S2-00184
S1-00256	S2-00185
S1-00257	S2-00186
S1-00258	S2-00187
S1-00259	
S1-00260	S2-00188
S1-00261	S2-00189
S1-00262	
S1-00263	S2-00190
S1-00264	S2-00191
S1-00265	S2-00192
S1-00266	S2-00193
S1-00267	S2-00194
S1-00268	S2-00195
S1-00269	S2-00196
S1-00270	S2-00197
S1-00271	S2-00198
S1-00272	S2-00199
S1-00273	S2-00200
S1-00274	S2-00201
S1-00275	S2-00202
S1-00276	S2-00203
S1-00277	S2-00204
S1-00278	S2-00205
S1-00279	S2-00206
S1-00280	S2-00207
S1-00281	S2-00208
S1-00282	S2-00209
S1-00283	
S1-00284	S2-00210
S1-00285	
S1-00286	S2-00211
S1-00287	S2-00212
S1-00288	S2-00213
S1-00289	S2-00214
S1-00290	
S1-00291	
S1-00292	S2-00215
S1-00293	S2-00216
S1-00294	
S1-00295	S2-00217
S1-00296	S2-00218
S1-00297	
S1-00298	S2-00219
S1-00299	
S1-00300	
S1-00301	S2-00220
S1-00302	S2-00221
S1-00303	S2-00222
S1-00304	S2-00223
S1-00305	S2-00224
S1-00306	S2-00225
S1-00307	S2-00226
S1-00308	S2-00227
S1-00309	S2-00228
S1-00310	S2-00229
S1-00311	
S1-00312	
S1-00313	S2-00230
S1-00314	S2-00231
S1-00315	S2-00232
S1-00316	S2-00233
S1-00317	
S1-00318	
S1-00319	S2-00234
S1-00320	S2-00235
S1-00321	S2-00236
S1-00322	S2-00237
S1-00323	S2-00238
S1-00324	S2-00239
S1-00325	S2-00240
S1-00326	S2-00241
S1-00327	S2-00242
S1-00328	S2-00243
S1-00329	
S1-00330	S2-00244
S1-00331	S2-00245
S1-00332	
S1-00333	
S1-00334	
S1-00335	
S1-00336	S2-00246
S1-00337	S2-00247
S1-00338	S2-00248
S1-00339	
S1-00340	S2-00249
S1-00341	S2-00250
S1-00342	
S1-00343	S2-00251
S1-00344	S2-00252
S1-00345	S2-00253
S1-00346	S2-00254
S1-00347	
S1-00348	S2-00255
S1-00349	S2-00256
S1-00350	S2-00257
S1-00351	S2-00258
S1-00352	S2-00259
S1-00353	
S1-00354	
S1-00355	S2-00260
S1-00356	
S1-00357	S2-00261
S1-00358	S2-00262
S1-00359	S2-00263
S1-00360	S2-00264
S1-00361	S2-00265
S1-00362	S2-00266
S1-00363	S2-00267
S1-00364	S2-00268
S1-00365	S2-00269
S1-00366	S2-00270
S1-00367	S2-00271
S1-00368	
S1-00369	
S1-00370	
S1-00371	
S1-00372	
S1-00373	S2-00272
S1-00374	
S1-00375	S2-00273
S1-00376	
S1-00377	
S1-00378	S2-00275
S1-00379	S2-00276
S1-00380	
S1-00381	S2-00277
S1-00382	S2-00278
S1-00383	S2-00279
S1-00384	S2-00280
S1-00385	S2-00281
S1-00386	S2-00282
S1-00387	
S1-00388	S2-00283
S1-00389	S2-00284
S1-00390	S2-00285
S1-00391	S2-00286
S1-00392	S2-00287
S1-00393	S2-00288
S1-00394	S2-00289
S1-00395	S2-00290
S1-00396	S2-00291
S1-00397	S2-00292
S1-00398	S2-00293
S1-00399	S2-00294
S1-00400	
S1-00401	S2-00295
S1-00402	S2-00296
S1-00403	S2-00297
S1-00404	S2-00298
S1-00405	S2-00299
S1-00406	S2-00300
S1-00407	
S1-00408	S2-00301
S1-00409	
S1-00410	S2-00302
S1-00411	S2-00303
S1-00412	S2-00304
S1-00413	S2-00305
S1-00414	S2-00306
S1-00415	S2-00307
S1-00416	S2-00308
S1-00417	S2-00309
S1-00418	S2-00310
S1-00419	S2-00311
S1-00420	S2-00312
S1-00421	S2-00313
S1-00422	
S1-00423	S2-00314
S1-00424	
S1-00425	S2-00315
S1-00426	S2-00316
S1-00427	S2-00317
S1-00428	S2-00318
S1-00429	
S1-00430	
S1-00431	S2-00319
S1-00432	S2-00320
S1-00433	
S1-00434	
S1-00435	S2-00321
S1-00436	
S1-00437	S2-00322
S1-00438	S2-00323
S1-00439	
S1-00440	
S1-00441	S2-00324
S1-00442	S2-00325
S1-00443	S2-00326
S1-00444	S2-00327
S1-00445	S2-00328
S1-00446	S2-00329
S1-00447	S2-00330
S1-00448	S2-00331
S1-00449	
S1-00450	S2-00332
S1-00451	S2-00333
S1-00452	S2-00334
S1-00453	S2-00335
S1-00454	
S1-00455	S2-00336
S1-00456	
S1-00457	S2-00337
S1-00458	
S1-00459	
S1-00460	
S1-00461	S2-00338
S1-00462	S2-00339
S1-00463	S2-00340
S1-00464	S2-00341
S1-00465	S2-00342
S1-00466	S2-00343
S1-00467	S2-00344
S1-00468	
S1-00469	S2-00345
S1-00470	
S1-00471	S2-00346
S1-00472	
S1-00473	S2-00347
S1-00474	S2-00348
S1-00475	S2-00349
S1-00476	
S1-00477	S2-00350
S1-00478	S2-00351
S1-00479	S2-00352
S1-00480	S2-00353
S1-00481	S2-00354
S1-00482	S2-00355
S1-00483	S2-00356
S1-00484	S2-00357
S1-00485	S2-00358
S1-00486	
S1-00487	S2-00359
S1-00488	S2-00360
S1-00489	S2-00361
S1-00490	S2-00362
S1-00491	S2-00363
S1-00492	S2-00364
S1-00493	
S1-00494	S2-00365
S1-00495	S2-00366
S1-00496	S2-00367
S1-00497	
S1-00498	S2-00368
S1-00499	S2-00369
S1-00500	S2-00370
S1-00501	S2-00371
S1-00502	S2-00372
S1-00503	S2-00373
S1-00504	S2-00374
S1-00505	
S1-00506	S2-00375
S1-00507	S2-00376
S1-00508	S2-00377
S1-00509	S2-00378
S1-00510	S2-00379
S1-00511	S2-00380
S1-00512	S2-00381
S1-00513	S2-00382
S1-00514	
S1-00515	
S1-00516	S2-00383
S1-00517	S2-00384
S1-00518	S2-00385
S1-00519	
S1-00520	S2-00386
S1-00521	S2-00387
S1-00522	S2-00388
S1-00523	S2-00389
S1-00524	S2-00390
S1-00525	S2-00391
S1-00526	S2-00392
S1-00527	S2-00393
S1-00528	
S1-00529	S2-00394
S1-00530	S2-00395
S1-00531	S2-00396
S1-00532	S2-00397
S1-00533	S2-00398
S1-00534	S2-00399
S1-00535	S2-00400
S1-00536	S2-00401
S1-00537	
S1-00538	S2-00402
S1-00539	
S1-00540	S2-00403
S1-00541	S2-00404
S1-00542	
S1-00543	S2-00405
S1-00544	S2-00406
S1-00545	S2-00407
S1-00546	
S1-00547	S2-00408
S1-00548	S2-00409
S1-00549	S2-00410
S1-00550	S2-00411
S1-00551	S2-00412
S1-00552	S2-00413
S1-00553	S2-00414
S1-00554	S2-00415
S1-00555	S2-00416
S1-00556	
S1-00557	
S1-00558	S2-00417
S1-00559	S2-00418
S1-00560	S2-00419
S1-00561	
S1-00562	
S1-00563	
S1-00564	S2-00420
S1-00565	S2-00421
S1-00566	S2-00422
S1-00567	S2-00423
S1-00568	S2-00424
S1-00569	S2-00425
S1-00570	S2-00426
S1-00571	S2-00427
S1-00572	S2-00428
S1-00573	S2-00429
S1-00574	S2-00430
S1-00575	S2-00431
S1-00576	
S1-00577	S2-00432
S1-00578	S2-00433
S1-00579	S2-00434
S1-00580	S2-00435
S1-00581	S2-00436
S1-00582	S2-00437
S1-00583	S2-00438
S1-00584	S2-00439
S1-00585	
S1-00586	
S1-00587	
S1-00588	
S1-00589	
S1-00590	
S1-00591	S2-00440
S1-00592	
S1-00593	S2-00441
S1-00594	S2-00442
S1-00595	S2-00443
S1-00596	S2-00444
S1-00597	
S1-00598	
S1-00599	
S1-00600	
S1-00601	S2-00445
S1-00602	
S1-00603	
S1-00604	
S1-00605	S2-00446
S1-00606	
S1-00607	S2-00447
S1-00608	S2-00448
S1-00609	S2-00449
S1-00610	
S1-00611	S2-00450
S1-00612	S2-00451
S1-00613	
S1-00614	S2-00452
S1-00615	S2-00453
S1-00616	
S1-00617	S2-00454
S1-00618	S2-00455
S1-00619	S2-00456
S1-00620	
S1-00621	
S1-00622	S2-00457
S1-00623	S2-00458
S1-00624	S2-00459
S1-00625	S2-00460
S1-00626	S2-00461
S1-00627	S2-00462
S1-00628	
S1-00629	S2-00463
S1-00630	S2-00464
S1-00631	S2-00465
S1-00632	S2-00466
S1-00633	S2-00467
S1-00634	
S1-00635	S2-00468
S1-00636	S2-00469
S1-00637	
S1-00638	S2-00470
S1-00639	S2-00471
S1-00640	
S1-00641	S2-00472
S1-00642	S2-00583
S1-00643	S2-00473
S1-00644	
S1-00645	S2-00474
S1-00646	S2-00475
S1-00647	S2-00476
S1-00648	S2-00477
S1-00649	S2-00478
S1-00650	
S1-00651	S2-00479
S1-00652	S2-00480
S1-00653	S2-00481
S1-00654	S2-00482
S1-00655	
S1-00656	S2-00483
S1-00657	S2-00484
S1-00658	S2-00485
S1-00659	S2-00486
S1-00660	S2-00487
S1-00661	S2-00488
S1-00662	S2-00489
S1-00663	
S1-00664	
S1-00665	
S1-00666	
S1-00667	
S1-00668	
S1-00669	S2-00490
S1-00670	
S1-00671	S2-00491
S1-00672	
S1-00673	S2-00492
S1-00674	S2-00493
S1-00675	S2-00494
S1-00676	
S1-00677	S2-00495
S1-00678	S2-00496
S1-00679	S2-00497
S1-00680	S2-00498
S1-00681	S2-00499
S1-00682	
S1-00683	S2-00500
S1-00684	S2-00501
S1-00685	S2-00502
S1-00686	S2-00503
S1-00687	S2-00504
S1-00688	S2-00505
S1-00689	
S1-00690	S2-00506
S1-00691	S2-00507
S1-00692	S2-00508
S1-00693	
S1-00694	
S1-00695	S2-00509
S1-00696	S2-00510
S1-00697	S2-00511
S1-00698	
S1-00699	S2-00512
S1-00700	S2-00513
S1-00701	
S1-00702	S2-00514
S1-00703	
S1-00704	
S1-00705	S2-00515
S1-00706	S2-00516
S1-00707	S2-00517
S1-00708	S2-00518
S1-00709	S2-00519
S1-00710	S2-00520
S1-00711	S2-00521
S1-00712	S2-00522
S1-00713	S2-00523
S1-00714	S2-00524
S1-00715	S2-00525
S1-00716	S2-00526
S1-00717	S2-00527
S1-00718	
S1-00719	S2-00528
S1-00720	S2-00529
S1-00721	
S1-00722	
S1-00723	S2-00530
S1-00724	S2-00531
S1-00725	S2-00532
S1-00726	
S1-00727	S2-00533
S1-00728	
S1-00729	
S1-00730	
S1-00731	S2-00534
S1-00732	S2-00535
S1-00733	S2-00536
S1-00734	S2-00537
S1-00735	S2-00538
S1-00736	S2-00539
S1-00737	S2-00540
S1-00738	S2-00541
S1-00739	S2-00542
S1-00740	S2-00543
S1-00741	S2-00544
S1-00742	S2-00545
S1-00743	S2-00546
S1-00744	
S1-00745	S2-00547
S1-00746	S2-00548
S1-00747	S2-00549
S1-00748	S2-00550
S1-00749	S2-00551
S1-00750	
S1-00751	S2-00552
S1-00752	S2-00553
S1-00753	S2-00554
S1-00754	
S1-00755	S2-00555
S1-00756	S2-00556
S1-00757	S2-00557
S1-00758	S2-00558
S1-00759	S2-00559
S1-00760	
S1-00761	S2-00560
S1-00762	
S1-00763	S2-00561
S1-00764	
S1-00765	S2-00562
S1-00766	S2-00563
S1-00767	S2-00564
S1-00768	S2-00565
S1-00769	S2-00566
S1-00770	
S1-00771	S2-00567
S1-00772	
S1-00773	S2-00568
S1-00774	S2-00569
S1-00775	
S1-00776	
S1-00777	S2-00570
S1-00778	S2-00571
S1-00779	S2-00572
S1-00780	S2-00573
S1-00781	S2-00574
S1-00782	S2-00575
S1-00783	S2-00576
S1-00784	
S1-00785	S2-00577
S1-00786	S2-00578
S1-00787	S2-00579
S1-00788	S2-00580
S1-00789	S2-00581
S1-00790	
S1-00791	S2-00582
S1-00792	
S1-00793	S2-00584
S1-00794	
S1-00795	S2-00585
S1-00796	S2-00586
S1-00797	S2-00587
S1-00798	S2-00588
S1-00799	S2-00589
S1-00800	S2-00590
S1-00801	
S1-00802	S2-00591
S1-00803	S2-00592
S1-00804	S2-00593
S1-00805	S2-00594
S1-00806	S2-00595
S1-00807	S2-00596
S1-00808	S2-00597
S1-00809	
S1-00810	S2-00598
S1-00811	S2-00599
S1-00812	
S1-00813	S2-00600
S1-00814	S2-00601
S1-00815	S2-00602
S1-00816	S2-00603
S1-00817	S2-00604
S1-00818	
S1-00819	S2-00605
S1-00820	S2-00606
S1-00821	
S1-00822	S2-00607
S1-00823	S2-00608
S1-00824	S2-00609
S1-00825	S2-00610
S1-00826	S2-00611
S1-00827	S2-00612
S1-00828	S2-00613
S1-00829	S2-00614
S1-00830	
S1-00831	S2-00615
S1-00832	
S1-00833	
S1-00834	S2-00616
S1-00835	S2-00617
S1-00836	S2-00618
S1-00837	S2-00619
S1-00838	S2-00620
S1-00839	S2-00621
S1-00840	
S1-00841	S2-00622
S1-00842	
S1-00843	S2-00623
S1-00844	
S1-00845	S2-00624
S1-00846	
S1-00847	S2-00625
S1-00848	S2-00626
S1-00849	S2-00627
S1-00850	
S1-00851	S2-00628
S1-00852	
S1-00853	S2-00629
S1-00854	
S1-00855	
S1-00856	
S1-00857	S2-00630
S1-00858	S2-00631
S1-00859	
S1-00860	S2-00632
S1-00861	S2-00633
S1-00862	S2-00634
S1-00863	S2-00635
S1-00864	S2-00636
S1-00865	S2-00637
S1-00866	
S1-00867	
S1-00868	S2-00638
S1-00869	S2-00639
S1-00870	S2-00640
S1-00871	S2-00641
S1-00872	S2-00642
S1-00873	S2-00643
S1-00874	
S1-00875	
S1-00876	S2-00644
S1-00877	S2-00645
S1-00878	
S1-00879	
S1-00880	
S1-00881	S2-00646
S1-00882	
S1-00883	
S1-00884	S2-00647
S1-00885	
S1-00886	S2-00648
S1-00887	
S1-00888	
S1-00889	
S1-00890	S2-00649
S1-00891	S2-00650
S1-00892	S2-00651
S1-00893	S2-00652
S1-00894	S2-00653
S1-00895	
S1-00896	S2-00654
S1-00897	S2-00655
S1-00898	
S1-00899	
S1-00900	
S1-00901	
S1-00902	
S1-00903	S2-00656
S1-00904	S2-00657
S1-00905	S2-00658
S1-00906	S2-00659
S1-00907	S2-00660
S1-00908	S2-00661
S1-00909	S2-00662
S1-00910	S2-00663
S1-00911	S2-00664
S1-00912	S2-00665
S1-00913	S2-00666
S1-00914	S2-00667
S1-00915	S2-00668
S1-00916	S2-00669
S1-00917	S2-00670
S1-00918	S2-00671
S1-00919	
S1-00920	S2-00672
S1-00921	S2-00673
S1-00922	S2-00674
S1-00923	S2-00675
S1-00924	S2-00676
S1-00925	
S1-00926	S2-00677
S1-00927	S2-00678
S1-00928	S2-00679
S1-00929	S2-00680
S1-00930	
S1-00931	S2-00681
S1-00932	S2-00682
S1-00933	S2-00683
S1-00934	
S1-00935	S2-00684
S1-00936	
S1-00937	S2-00685
S1-00938	
S1-00939	S2-00686
S1-00940	S2-00687
S1-00941	S2-00688
S1-00942	S2-00689
S1-00943	S2-00690
S1-00944	
S1-00945	
S1-00946	
S1-00947	S2-00691
S1-00948	S2-00692
S1-00949	S2-00693
S1-00950	S2-00694
S1-00951	S2-00695
S1-00952	
S1-00953	S2-00696
S1-00954	S2-00697
S1-00955	S2-00698
S1-00956	S2-00699
S1-00957	
S1-00958	
S1-00959	S2-00700
S1-00960	
S1-00961	S2-00701
S1-00962	
S1-00963	S2-00702
S1-00964	S2-00703
S1-00965	S2-00704
S1-00966	S2-00705
S1-00967	S2-00706
S1-00968	S2-00707
S1-00969	S2-00708
S1-00970	S2-00709
S1-00971	S2-00710
S1-00972	S2-00711
S1-00973	
S1-00974	
S1-00975	S2-00712
S1-00976	S2-00713
S1-00977	
S1-00978	S2-00714
S1-00979	S2-00715
S1-00980	S2-00716
S1-00981	S2-00717
S1-00982	
S1-00983	
S1-00984	S2-00718
S1-00985	S2-00719
S1-00986	S2-00720
S1-00987	S2-00721
S1-00988	
S1-00989	S2-00722
S1-00990	S2-00723
S1-00991	S2-00724
S1-00992	S2-00725
S1-00993	S2-00726
S1-00994	S2-00727
S1-00995	
S1-00996	S2-00728
S1-00997	
S1-00998	S2-00729
S1-00999	S2-00730
S1-01000	
S1-01001	
S1-01002	S2-00732
S1-01003	S2-00733
S1-01004	S2-00734
S1-01005	S2-00735
S1-01006	S2-00736
S1-01007	S2-00737
S1-01008	
S1-01009	S2-00738
S1-01010	
S1-01011	S2-00739
S1-01012	S2-00740
S1-01013	
S1-01014	S2-00741
S1-01015	S2-00742
S1-01016	
S1-01017	S2-00743
S1-01018	S2-00744
S1-01019	
S1-01020	S2-00745
S1-01021	S2-00746
S1-01022	S2-00747
S1-01023	S2-00748
S1-01024	S2-00749
S1-01025	S2-00750
S1-01026	S2-00751
S1-01027	S2-00752
S1-01028	S2-00753
S1-01029	S2-00754
S1-01030	
S1-01031	S2-00755
S1-01032	
S1-01033	
S1-01034	
S1-01035	S2-00756
S1-01036	S2-00757
S1-01037	S2-00758
S1-01038	
S1-01039	S2-00759
S1-01040	S2-00760
S1-01041	S2-00761
S1-01042	S2-00762
S1-01043	S2-00763
S1-01044	S2-00764
S1-01045	S2-00765
S1-01046	
S1-01047	
S1-01048	S2-00766
S1-01049	
S1-01050	S2-00767
S1-01051	S2-00768
S1-01052	S2-00769
S1-01053	S2-00770
S1-01054	S2-00771
S1-01055	S2-00772
S1-01056	S2-00773
S1-01057	S2-00774
S1-01058	S2-00775
S1-01059	S2-00776
S1-01060	S2-00777
S1-01061	S2-00778
S1-01062	S2-00779
S1-01063	S2-00780
S1-01064	S2-00781
S1-01065	S2-00782
S1-01066	
S1-01067	
S1-01068	S2-00783
S1-01069	S2-00784
S1-01070	S2-00785
S1-01071	
S1-01072	
S1-01073	
S1-01074	S2-00786
S1-01075	S2-00787
S1-01076	S2-00788
S1-01077	S2-00789
S1-01078	
S1-01079	S2-00790
S1-01080	S2-00791
S1-01081	
S1-01082	S2-00792
S1-01083	S2-00793
S1-01084	S2-00794
S1-01085	S2-00795
S1-01086	S2-00796
S1-01087	
S1-01088	S2-00797
S1-01089	
S1-01090	S2-00798
S1-01091	S2-00799
S1-01092	S2-00800
S1-01093	S2-00801
S1-01094	
S1-01095	
S1-01096	
S1-01097	
S1-01098	S2-00802
S1-01099	S2-00803
S1-01100	
S1-01101	S2-00804
S1-01102	S2-00805
S1-01103	S2-00806
S1-01104	S2-00807
S1-01105	
S1-01106	S2-00808
S1-01107	S2-00809
S1-01108	S2-00810
S1-01109	
S1-01110	S2-00811
S1-01111	
S1-01112	
S1-01113	S2-00812
S1-01114	S2-00813
S1-01115	S2-00814
S1-01116	
S1-01117	S2-00815
S1-01118	S2-00816
S1-01119	
S1-01120	S2-00817
S1-01121	S2-00818
S1-01122	S2-00819
S1-01123	S2-00820
S1-01124	S2-00821
S1-01125	S2-00822
S1-01126	
S1-01127	S2-00823
S1-01128	S2-00824
S1-01129	S2-00825
S1-01130	S2-00826
S1-01131	S2-00827
S1-01132	
S1-01133	
S1-01134	S2-00828
S1-01135	
S1-01136	S2-00829
S1-01137	S2-00830
S1-01138	S2-00831
S1-01139	S2-00832
S1-01140	S2-00833
S1-01141	S2-00834
S1-01142	S2-00835
S1-01143	S2-00836
S1-01144	S2-00837
S1-01145	S2-00838
S1-01146	S2-00839
S1-01147	S2-00840
S1-01148	S2-00841
S1-01149	S2-00842
S1-01150	S2-00843
S1-01151	S2-00844
S1-01152	S2-00845
S1-01153	S2-00846
S1-01154	S2-00847
S1-01155	S2-00848
S1-01156	
S1-01157	S2-00849
S1-01158	S2-00850
S1-01159	
S1-01160	S2-00851
S1-01161	
S1-01162	S2-00852
S1-01163	S2-00853
S1-01164	
S1-01165	S2-00854
S1-01166	S2-00855
S1-01167	S2-00856
S1-01168	
S1-01169	S2-00857
S1-01170	S2-00858
S1-01171	S2-00859
S1-01172	S2-00860
S1-01173	S2-00861
S1-01174	S2-00862
S1-01175	S2-00863
S1-01176	S2-00864
S1-01177	
S1-01178	S2-00865
S1-01179	S2-00866
S1-01180	S2-00867
S1-01181	S2-00868
S1-01182	S2-00869
S1-01183	S2-00870
S1-01184	
S1-01185	S2-00871
S1-01186	S2-00872
S1-01187	
S1-01188	S2-00873
S1-01189	S2-00874
S1-01190	
S1-01191	S2-00875
S1-01192	S2-00876
S1-01193	S2-00877
S1-01194	
S1-01195	S2-00878
S1-01196	S2-00879
S1-01197	S2-00880
S1-01198	S2-00881
S1-01199	
